{
  "songs": [
    {
      "song": "Simulated Life",
      "full_n": 24,
      "probe_n": 19,
      "matched": 19,
      "unmatched_full": 5,
      "unmatched_probe": 0,
      "section_count_delta": -5,
      "median_boundary_drift_s": 1.5999999999999943,
      "p95_boundary_drift_s": 5.799999999999997,
      "max_boundary_drift_s": 8.700000000000017,
      "median_iou": 0.6833333333333348,
      "type_agreement_rate": 1.0,
      "median_duration_drift_s": 1.7999999999999972,
      "median_cdens_delta": 0.07350000000000001,
      "cdens_pairs": [
        [
          0.12,
          0.1
        ],
        [
          0.0,
          0.167
        ]
      ],
      "boundary_drifts": [
        0.5,
        3.3999999999999986,
        1.1000000000000014,
        3.0,
        1.2000000000000028,
        1.2000000000000028,
        0.6000000000000014,
        2.4000000000000057,
        1.7999999999999972,
        1.7999999999999972,
        5.799999999999997,
        1.5999999999999943,
        3.5,
        3.5,
        1.0,
        8.700000000000017,
        0.5,
        0.6000000000000227,
        0.6000000000000227
      ]
    },
    {
      "song": "Disco Of Doom",
      "full_n": 22,
      "probe_n": 20,
      "matched": 19,
      "unmatched_full": 3,
      "unmatched_probe": 1,
      "section_count_delta": -2,
      "median_boundary_drift_s": 1.799999999999983,
      "p95_boundary_drift_s": 3.500000000000014,
      "max_boundary_drift_s": 4.799999999999983,
      "median_iou": 0.64383561643836,
      "type_agreement_rate": 0.8947368421052632,
      "median_duration_drift_s": 0.10000000000000142,
      "median_cdens_delta": -0.10299999999999998,
      "cdens_pairs": [
        [
          0.37,
          0.267
        ]
      ],
      "boundary_drifts": [
        0.8000000000000007,
        0.8000000000000007,
        0.7999999999999972,
        2.299999999999997,
        2.1000000000000014,
        3.0,
        3.0,
        0.3999999999999915,
        1.8999999999999915,
        3.500000000000014,
        2.6000000000000227,
        1.8999999999999773,
        1.799999999999983,
        1.799999999999983,
        0.19999999999998863,
        1.299999999999983,
        1.299999999999983,
        1.299999999999983,
        4.799999999999983
      ]
    },
    {
      "song": "Mr Dance",
      "full_n": 29,
      "probe_n": 31,
      "matched": 29,
      "unmatched_full": 0,
      "unmatched_probe": 2,
      "section_count_delta": 2,
      "median_boundary_drift_s": 0.7999999999999972,
      "p95_boundary_drift_s": 2.8999999999999986,
      "max_boundary_drift_s": 5.200000000000017,
      "median_iou": 0.8372093023255779,
      "type_agreement_rate": 0.9310344827586207,
      "median_duration_drift_s": 0.10000000000000853,
      "median_cdens_delta": 0.16099999999999998,
      "cdens_pairs": [
        [
          0.34,
          0.501
        ]
      ],
      "boundary_drifts": [
        0.5,
        0.6999999999999993,
        0.7999999999999972,
        2.8999999999999986,
        2.8999999999999986,
        1.1000000000000014,
        0.7000000000000028,
        0.3999999999999915,
        0.29999999999999716,
        0.10000000000000853,
        0.30000000000001137,
        0.3999999999999915,
        0.5,
        0.7000000000000028,
        0.7999999999999972,
        1.0,
        1.0,
        5.200000000000017,
        0.5,
        2.0999999999999943,
        3.799999999999983,
        2.6999999999999886,
        2.799999999999983,
        2.8999999999999773,
        2.8999999999999773,
        0.8000000000000114,
        0.6000000000000227,
        0.5,
        0.30000000000001137
      ]
    },
    {
      "song": "Death by Nanobots",
      "full_n": 26,
      "probe_n": 25,
      "matched": 24,
      "unmatched_full": 2,
      "unmatched_probe": 1,
      "section_count_delta": -1,
      "median_boundary_drift_s": 2.0,
      "p95_boundary_drift_s": 3.9000000000000057,
      "max_boundary_drift_s": 5.900000000000034,
      "median_iou": 0.6217948717948725,
      "type_agreement_rate": 0.625,
      "median_duration_drift_s": 0.0,
      "median_cdens_delta": null,
      "cdens_pairs": [],
      "boundary_drifts": [
        0.0,
        1.8999999999999986,
        3.8999999999999986,
        2.0,
        2.0,
        2.0,
        2.0,
        3.9000000000000057,
        2.0,
        2.0,
        1.8999999999999915,
        2.0,
        2.0,
        2.0,
        1.9000000000000057,
        0.0,
        0.0,
        0.0,
        2.0,
        3.9000000000000057,
        5.900000000000034,
        0.0,
        0.0,
        0.0
      ]
    },
    {
      "song": "Chill Zone",
      "full_n": 28,
      "probe_n": 21,
      "matched": 21,
      "unmatched_full": 7,
      "unmatched_probe": 0,
      "section_count_delta": -7,
      "median_boundary_drift_s": 3.200000000000003,
      "p95_boundary_drift_s": 4.9,
      "max_boundary_drift_s": 4.900000000000006,
      "median_iou": 0.6875,
      "type_agreement_rate": 0.6666666666666666,
      "median_duration_drift_s": 2.4000000000000004,
      "median_cdens_delta": null,
      "cdens_pairs": [],
      "boundary_drifts": [
        2.4000000000000004,
        4.9,
        1.6999999999999993,
        4.100000000000001,
        1.3999999999999986,
        3.299999999999997,
        3.8999999999999986,
        1.7000000000000028,
        3.200000000000003,
        2.3999999999999915,
        2.5,
        4.900000000000006,
        0.6999999999999886,
        2.200000000000003,
        4.599999999999994,
        1.5,
        3.9000000000000057,
        1.6999999999999886,
        3.200000000000017,
        3.8000000000000114,
        3.8000000000000114
      ]
    }
  ]
}